version,buildingId,x,y,floor,timestamp,accuracy,longitude,latitude,altitude,heading,speed,meanCn0,maxCn0,satellites,uploaddAt
Line_1_top_right,e384f534f12c984588d8868e,1326,30,0,1718622066000,1.5,34.81849833333333,32.11331833333334,37.4,244.4499969482422,0,32,52,34,2024-06-17T11:04:10.597Z
Line_1_top_right,e384f534f12c984588d8868e,1326,30,0,1718622066000,1.5,34.81849833333333,32.11331833333334,37.4,244.4499969482422,0,32,52,34,2024-06-17T11:04:10.597Z
Line_1_top_right,e384f534f12c984588d8868e,1226,30,0,1718622096000,1.5,34.818445,32.113335,36.7,298.510009765625,0,32,49,29,2024-06-17T11:04:10.597Z
Line_1_top_right,e384f534f12c984588d8868e,1106,30,0,1718622119000,1.600000023841858,34.818369999999994,32.113375,41.2,344.7200012207031,0,33,46,33,2024-06-17T11:04:10.597Z
Line_1_top_right,e384f534f12c984588d8868e,1011,35,0,1718622187000,1.600000023841858,34.818326666666664,32.113418333333335,43.099999999999994,139.36000061035156,0,32,47,33,2024-06-17T11:04:10.597Z
Line_1_top_right,e384f534f12c984588d8868e,881,35,0,1718622211000,1.7000000476837158,34.818236666666664,32.11340833333334,40.099999999999994,334.8800048828125,0,31,47,32,2024-06-17T11:04:10.597Z
Line_1_top_right,e384f534f12c984588d8868e,751,35,0,1718622235000,1.5,34.81816666666667,32.113393333333335,43.9,205.97999572753906,0,33,51,32,2024-06-17T11:04:10.597Z
Line_1_top_middle,e384f534f12c984588d8868e,676,35,0,1718622310000,1.5,34.81810666666667,32.11343166666666,49.599999999999994,54.689998626708984,0,31,48,30,2024-06-17T11:06:58.931Z
Line_1_top_middle,e384f534f12c984588d8868e,656,5,0,1718622335000,1.600000023841858,34.81812166666667,32.11349499999999,41.5,10.960000038146973,0,34,52,30,2024-06-17T11:06:58.931Z
Line_1_top_middle,e384f534f12c984588d8868e,626,35,0,1718622378000,1.5,34.81812166666667,32.113416666666666,48.099999999999994,10.039999961853027,0,32,48,33,2024-06-17T11:06:58.931Z
Line_1_top_middle,e384f534f12c984588d8868e,576,35,0,1718622403000,1.5,34.81810666666667,32.113445,42.5,158.89999389648438,0,33,47,32,2024-06-17T11:06:58.931Z
Line_1_top_left,e384f534f12c984588d8868e,511,35,0,1718622456000,1.5,34.818045,32.11342,43.8,350.5199890136719,0,32,45,32,2024-06-17T11:12:27.549Z
Line_1_top_left,e384f534f12c984588d8868e,426,35,0,1718622487000,1.5,34.81800666666666,32.11343,45.099999999999994,256.1499938964844,0,33,46,32,2024-06-17T11:12:27.549Z
Line_1_top_left,e384f534f12c984588d8868e,426,90,0,1718622510000,1.600000023841858,34.817978333333336,32.1134,44.3,301.510009765625,0,31,48,30,2024-06-17T11:12:27.549Z
Line_1_top_left,e384f534f12c984588d8868e,346,35,0,1718622555000,1.399999976158142,34.81793166666667,32.113438333333335,42.7,219.1999969482422,0,35,49,34,2024-06-17T11:12:27.549Z
Line_1_top_left,e384f534f12c984588d8868e,261,35,0,1718622578000,1.600000023841858,34.81792166666666,32.11342833333333,45.5,258.9599914550781,0,31,46,31,2024-06-17T11:12:27.549Z
Line_1_top_left,e384f534f12c984588d8868e,176,35,0,1718622612000,1.5,34.817861666666666,32.11342166666667,43.099999999999994,309.6600036621094,0,31,45,32,2024-06-17T11:12:27.549Z
Line_1_top_left,e384f534f12c984588d8868e,111,35,0,1718622653000,1.5,34.81782833333333,32.11342333333334,40.099999999999994,49.220001220703125,0,31,47,30,2024-06-17T11:12:27.549Z
Line_1_top_left,e384f534f12c984588d8868e,36,35,0,1718622689000,1.600000023841858,34.817748333333334,32.113416666666666,37.599999999999994,234.5399932861328,0,29,44,33,2024-06-17T11:12:27.549Z
Line_1_top_left,e384f534f12c984588d8868e,36,0,0,1718622733000,1.7000000476837158,34.81778333333333,32.11345666666667,42.8,351.739990234375,0,26,41,29,2024-06-17T11:12:27.549Z
Line_1_top_left_down,e384f534f12c984588d8868e,35,0,-1,1718623569000,2.0999999046325684,34.817744999999995,32.11338666666666,42.4,154.55999755859375,0,27,40,21,2024-06-17T11:29:30.910Z
Line_1_top_left_down,e384f534f12c984588d8868e,35,0,-1,1718623598000,1.7000000476837158,34.817755000000005,32.11344666666666,40.4,243.9499969482422,0,32,42,26,2024-06-17T11:29:30.910Z
Line_1_top_left_down,e384f534f12c984588d8868e,35,0,-1,1718623602000,1.600000023841858,34.817755000000005,32.11344666666666,40.4,243.9499969482422,0,30,44,30,2024-06-17T11:29:30.910Z
Line_1_top_left_down,e384f534f12c984588d8868e,0,35,0,1718623631000,1.7000000476837158,34.817755000000005,32.11344833333333,39,300.6000061035156,0,31,44,29,2024-06-17T11:29:30.910Z
Line_1_top_left_down,e384f534f12c984588d8868e,35,0,0,1718623651000,1.899999976158142,34.817765,32.11344,40.8,227.6199951171875,0,29,40,25,2024-06-17T11:29:30.910Z
Line_1_top_left_down,e384f534f12c984588d8868e,35,5,0,1718623668000,1.899999976158142,34.817765,32.11344,40.8,227.6199951171875,0,27,43,24,2024-06-17T11:29:30.910Z
Line_1_top_left_down,e384f534f12c984588d8868e,35,100,0,1718623693000,1.600000023841858,34.81775833333334,32.11340166666666,39.2,78.97000122070312,0,30,44,29,2024-06-17T11:29:30.910Z
Line_1_top_left_down,e384f534f12c984588d8868e,140,100,0,1718623727000,1.600000023841858,34.817811666666664,32.11340499999999,37,270.5299987792969,0,31,45,31,2024-06-17T11:29:30.910Z
Line_1_top_left_down,e384f534f12c984588d8868e,210,100,0,1718623751000,1.5,34.81784833333334,32.11340499999999,36,280.92999267578125,0,33,46,29,2024-06-17T11:29:30.910Z
Line_1_middle_extra,e384f534f12c984588d8868e,425,15,0,1718623900000,1.600000023841858,34.817965,32.113425,35.4,146.1300048828125,0,31,44,30,2024-06-17T11:31:45.623Z
Line_2_ramp_entrance,e384f534f12c984588d8868e,580,110,0,1718623991000,1.600000023841858,34.81809666666666,32.11343333333333,38.3,21.149999618530273,0,31,50,30,2024-06-17T11:37:36.908Z
Line_2_ramp_entrance,e384f534f12c984588d8868e,670,110,0,1718624016000,1.7000000476837158,34.81810666666667,32.113465,41.2,359.82000732421875,0,32,50,28,2024-06-17T11:37:36.908Z
Line_2_ramp_entrance,e384f534f12c984588d8868e,685,140,0,1718624040000,2,34.81808,32.11343166666666,42.3,149.8300018310547,0,31,46,24,2024-06-17T11:37:36.908Z
Line_2_ramp_entrance,e384f534f12c984588d8868e,750,140,0,1718624068000,1.899999976158142,34.818149999999996,32.113434999999996,41.2,344.5,0,28,49,29,2024-06-17T11:37:36.908Z
Line_2_ramp_entrance,e384f534f12c984588d8868e,880,140,0,1718624111000,1.899999976158142,34.818221666666666,32.113483333333335,41.5,356.79998779296875,0.564650297164917,32,46,25,2024-06-17T11:37:36.908Z
Line_2_ramp_entrance,e384f534f12c984588d8868e,880,100,0,1718624139000,1.600000023841858,34.81820833333334,32.11340666666667,40.4,168.60000610351562,0,34,50,26,2024-06-17T11:37:36.908Z
Line_2_ramp_entrance,e384f534f12c984588d8868e,590,165,0,1718624208000,1.899999976158142,34.818088333333336,32.11347,36.7,348.95001220703125,0,31,49,26,2024-06-17T11:37:36.908Z
Line_2_ramp_entrance,e384f534f12c984588d8868e,670,165,0,1718624239000,2.200000047683716,34.818081666666664,32.11349166666666,40.599999999999994,275.57000732421875,0.5692827701568604,28,38,25,2024-06-17T11:37:36.908Z
Line_3_entrance_hall,e384f534f12c984588d8868e,625,195,0,1718624311000,2.5999999046325684,34.81807666666667,32.11344,34.5,185.5,0.5214136242866516,26,39,23,2024-06-17T11:43:08.901Z
Line_3_entrance_hall,e384f534f12c984588d8868e,560,210,0,1718624348000,5.099999904632568,34.818086666666666,32.113614999999996,38.5,153.75999450683594,0,22,27,7,2024-06-17T11:43:08.901Z
Line_3_entrance_hall,e384f534f12c984588d8868e,560,210,0,1718624348000,5.099999904632568,34.818086666666666,32.113614999999996,38.5,153.75999450683594,0,22,27,7,2024-06-17T11:43:08.901Z
Line_3_entrance_hall,e384f534f12c984588d8868e,565,260,0,1718624379000,5.400000095367432,34.81823,32.11325166666666,41.7,171.99000549316406,0,23,34,11,2024-06-17T11:43:08.901Z
Line_3_entrance_hall,e384f534f12c984588d8868e,625,250,0,1718624431000,3,34.818088333333336,32.11341166666667,40.5,358.4800109863281,0,23,30,15,2024-06-17T11:43:08.901Z
Line_3_entrance_hall,e384f534f12c984588d8868e,685,215,0,1718624470000,2.700000047683716,34.81804666666667,32.113418333333335,43.9,358.4800109863281,0,24,35,23,2024-06-17T11:43:08.901Z
Line_3_entrance_hall,e384f534f12c984588d8868e,685,275,0,1718624506000,4.300000190734863,34.81805833333333,32.11335,43,358.4800109863281,0,23,29,10,2024-06-17T11:43:08.901Z
Line_3_entrance_hall,e384f534f12c984588d8868e,625,275,0,1718624545000,4.099999904632568,34.818065000000004,32.11333166666667,40.5,19.100000381469727,0,23,28,11,2024-06-17T11:43:08.901Z
Line_3_entrance_hall,e384f534f12c984588d8868e,690,335,0,,,,,,,,,,,2024-06-17T11:43:08.901Z
Line_3_entrance_hall_2_stairs,e384f534f12c984588d8868e,622,398,0,,,,,,,,,,,2024-06-17T11:54:53.382Z
Line_3_entrance_hall_2_stairs,e384f534f12c984588d8868e,622,383,0,,,,,,,,,,,2024-06-17T11:54:53.382Z
Line_3_entrance_hall_2_stairs,e384f534f12c984588d8868e,682,333,0,,,,,,,,,,,2024-06-17T11:54:53.382Z
Line_3_entrance_hall_2_stairs,e384f534f12c984588d8868e,627,333,0,1718625192021,6.5,34.81816833333333,32.11378333333334,43.8,0,0,24,28,6,2024-06-17T11:54:53.382Z
Line_3_entrance_hall_2_stairs,e384f534f12c984588d8868e,557,338,0,1718625216021,5.800000190734863,34.81807833333333,32.113656666666664,44.3,0,0,26,34,9,2024-06-17T11:54:53.382Z
Line_3_entrance_hall_2_stairs,e384f534f12c984588d8868e,557,368,0,1718625252021,9,34.81807666666667,32.113395,47.3,0,0,25,29,4,2024-06-17T11:54:53.382Z
Line_3_entrance_hall_2_stairs,e384f534f12c984588d8868e,557,308,0,1718625287021,9.699999809265137,34.81800333333333,32.113953333333335,46.5,0,0,20,22,4,2024-06-17T11:54:53.382Z
Line_3_entrance_hall_stairs_around,e384f534f12c984588d8868e,502,308,0,1718625335021,7.900000095367432,34.818081666666664,32.11316333333333,38.099999999999994,0,0,22,27,5,2024-06-17T11:57:47.291Z
Line_3_entrance_hall_stairs_around,e384f534f12c984588d8868e,452,308,0,1718625356021,93.19999694824219,34.817855,32.113365,47.4,0,0,21,23,3,2024-06-17T11:57:47.291Z
Line_3_entrance_hall_stairs_around,e384f534f12c984588d8868e,447,338,0,,,,,,,,,,,2024-06-17T11:57:47.291Z
Line_3_entrance_hall_stairs_around,e384f534f12c984588d8868e,447,363,0,,,,,,,,,,,2024-06-17T11:57:47.291Z
Line_3_entrance_hall_stairs_around,e384f534f12c984588d8868e,502,368,0,,,,,,,,,,,2024-06-17T11:57:47.291Z
Line_3_entrance_hall_left_classes,e384f534f12c984588d8868e,367,378,0,,,,,,,,,,,2024-06-17T12:02:59.384Z
Line_3_entrance_hall_left_classes,e384f534f12c984588d8868e,362,338,0,,,,,,,,,,,2024-06-17T12:02:59.384Z
Line_3_entrance_hall_left_classes,e384f534f12c984588d8868e,392,338,0,,,,,,,,,,,2024-06-17T12:02:59.384Z
Line_3_entrance_hall_left_classes,e384f534f12c984588d8868e,367,298,0,,,,,,,,,,,2024-06-17T12:02:59.384Z
Line_3_entrance_hall_left_classes,e384f534f12c984588d8868e,327,283,0,,,,,,,,,,,2024-06-17T12:02:59.384Z
Line_3_entrance_hall_left_classes,e384f534f12c984588d8868e,327,338,0,,,,,,,,,,,2024-06-17T12:02:59.384Z
Line_3_entrance_hall_left_classes,e384f534f12c984588d8868e,242,338,0,,,,,,,,,,,2024-06-17T12:02:59.384Z
Line_3_entrance_hall_left_classes_extra,e384f534f12c984588d8868e,192,308,0,1718625817000,4.699999809265137,34.817818333333335,32.11317666666666,30.7,0,0,25,38,9,2024-06-17T12:05:46.331Z
Line_3_entrance_hall_left_classes_extra,e384f534f12c984588d8868e,192,308,0,,,,,,,,,,,2024-06-17T12:05:46.331Z
Line_3_entrance_hall_left_classes_extra,e384f534f12c984588d8868e,192,308,0,,,,,,,,,,,2024-06-17T12:05:46.331Z
Line_3_entrance_hall_left_classes_extra,e384f534f12c984588d8868e,192,308,0,,,,,,,,,,,2024-06-17T12:05:46.331Z
Line_3_entrance_hall_left_classes_extra,e384f534f12c984588d8868e,177,333,0,1718625857000,2.0999999046325684,34.81762666666667,32.11322666666667,42.2,225.97999572753906,0,28,43,20,2024-06-17T12:05:46.331Z
Line_3_entrance_hall_left_classes_extra,e384f534f12c984588d8868e,137,333,0,1718625876000,1.600000023841858,34.81768,32.11324666666667,41.4,130.8699951171875,0,30,46,28,2024-06-17T12:05:46.331Z
Line_3_entrance_hall_left_classes_extra,e384f534f12c984588d8868e,137,383,0,1718625896000,1.7000000476837158,34.81771833333333,32.11323166666667,42.4,144.14999389648438,0,33,50,24,2024-06-17T12:05:46.331Z
Line_3_entrance_hall_left_classes_extra,e384f534f12c984588d8868e,192,378,0,1718625937000,2.700000047683716,34.81767333333333,32.11326666666666,46.099999999999994,265.9800109863281,0,24,35,18,2024-06-17T12:05:46.331Z
Line_3_left_hall,e384f534f12c984588d8868e,241,383,0,1718626428899,5.900000095367432,34.81765333333333,32.11328666666667,47.599999999999994,63.41999816894531,0,23,30,5,2024-06-17T12:16:16.280Z
Line_3_left_hall,e384f534f12c984588d8868e,241,463,0,,,,,,,,,,,2024-06-17T12:16:16.280Z
Line_3_left_hall,e384f534f12c984588d8868e,241,518,0,,,,,,,,,,,2024-06-17T12:16:16.280Z
Line_3_left_hall,e384f534f12c984588d8868e,241,578,0,1718626491000,4.900000095367432,34.817710000000005,32.113055,33,63.41999816894531,0,27,35,9,2024-06-17T12:16:16.280Z
Line_3_left_hall,e384f534f12c984588d8868e,241,648,0,1718626550000,2.799999952316284,34.81774666666667,32.11309333333334,19.3,34.93000030517578,0,24,36,15,2024-06-17T12:16:16.280Z
Line_3_left_hall,e384f534f12c984588d8868e,216,643,0,1718626573000,3.299999952316284,34.817838333333334,32.113155,12.899999999999999,34.93000030517578,0,22,31,11,2024-06-17T12:16:16.280Z
Line_3_left_hall_2_stairs,e384f534f12c984588d8868e,166,648,0,1718626622000,3.0999999046325684,34.81769,32.113034999999996,32.3,34.93000030517578,0,23,27,13,2024-06-17T12:19:05.001Z
Line_3_left_hall_2_stairs,e384f534f12c984588d8868e,111,648,0,1718626640000,2.5999999046325684,34.81769666666666,32.113081666666666,34.9,11.84000015258789,0.5986219644546509,25,39,19,2024-06-17T12:19:05.001Z
Line_3_left_hall_2_stairs,e384f534f12c984588d8868e,111,613,0,1718626672000,2.5,34.817706666666666,32.113145,35.5,302.25,0,25,34,15,2024-06-17T12:19:05.001Z
Line_3_left_hall_2_stairs,e384f534f12c984588d8868e,161,613,-1,1718626708000,3.9000000953674316,34.81768833333333,32.11311333333333,27.799999999999997,344.7900085449219,0,24,35,9,2024-06-17T12:19:05.001Z
Line_3_left_hall_2_stairs,e384f534f12c984588d8868e,216,608,-1,1718626742000,3.200000047683716,34.81765333333333,32.113005,19.3,220.07000732421875,0,22,32,13,2024-06-17T12:19:05.001Z
Line_3_left_area,e384f534f12c984588d8868e,316,603,0,1718626828000,2.700000047683716,34.81787166666666,32.113076666666664,30.4,220.07000732421875,0,25,41,15,2024-06-17T12:23:16.552Z
Line_3_left_area,e384f534f12c984588d8868e,371,603,0,1718626864000,3.700000047683716,34.817865,32.113123333333334,32.4,220.07000732421875,0,22,26,6,2024-06-17T12:23:16.552Z
Line_3_left_area,e384f534f12c984588d8868e,361,603,0,1718626884000,3.5,34.81769166666666,32.11289166666666,48.4,220.07000732421875,0,24,34,10,2024-06-17T12:23:16.552Z
Line_3_left_area,e384f534f12c984588d8868e,241,713,0,1718626928000,5.099999904632568,34.81815166666667,32.113121666666665,17.3,220.07000732421875,0,25,31,7,2024-06-17T12:23:16.552Z
Line_3_left_area,e384f534f12c984588d8868e,216,713,0,1718626957000,54.400001525878906,34.817753333333336,32.113146666666665,22.9,220.07000732421875,0,22,24,3,2024-06-17T12:23:16.552Z
Line_3_left_area,e384f534f12c984588d8868e,371,713,0,1718626988000,2.799999952316284,34.81797666666667,32.113126666666666,28.7,226.60000610351562,0.48641249537467957,26,36,21,2024-06-17T12:23:16.552Z
Line_3_left_area_extra,e384f534f12c984588d8868e,316,713,0,1718627045000,3,34.817930000000004,32.11307,20.5,178.25999450683594,0.880174994468689,25,32,13,2024-06-17T12:25:04.877Z
Line_3_left_area_extra,e384f534f12c984588d8868e,316,648,0,1718627072000,3.4000000953674316,34.81796333333333,32.11317666666666,19,84.94000244140625,0,23,34,13,2024-06-17T12:25:04.877Z
Line_3_left_area_extra,e384f534f12c984588d8868e,316,683,0,1718627094000,3.700000047683716,34.817796666666666,32.113115,23.5,149.2100067138672,0.6459763646125793,21,33,14,2024-06-17T12:25:04.877Z
Line_4_left_hall_extra,e384f534f12c984588d8868e,311,605,0,1718631332000,3.200000047683716,34.81777,32.113055,54.599999999999994,111.66999816894531,0,22,30,17,2024-06-17T13:37:08.414Z
Line_4_left_hall_extra,e384f534f12c984588d8868e,311,650,0,1718631361000,3.4000000953674316,34.81787333333333,32.11306666666667,54,111.66999816894531,0,22,35,18,2024-06-17T13:37:08.414Z
Line_4_left_hall_extra,e384f534f12c984588d8868e,311,685,0,1718631386000,3,34.818018333333335,32.113095,47.2,109.69999694824219,0,25,36,18,2024-06-17T13:37:08.414Z
Line_4_left_hall_extra,e384f534f12c984588d8868e,311,715,0,1718631408000,4.5,34.81787833333333,32.11308666666666,50.5,109.69999694824219,0,23,34,12,2024-06-17T13:37:08.414Z
Line_5_stairs_down,e384f534f12c984588d8868e,451,335,0,,,,,,,,,,,2024-06-17T13:42:31.866Z
Line_5_stairs_down,e384f534f12c984588d8868e,506,335,-1,,,,,,,,,,,2024-06-17T13:42:31.866Z
Line_5_stairs_down,e384f534f12c984588d8868e,556,335,-1,,,,,,,,,,,2024-06-17T13:42:31.866Z
Line_5_stairs_down,e384f534f12c984588d8868e,566,305,-1,,,,,,,,,,,2024-06-17T13:42:31.866Z
Line_5_stairs_down,e384f534f12c984588d8868e,506,305,-1,,,,,,,,,,,2024-06-17T13:42:31.866Z
Line_5_stairs_down,e384f534f12c984588d8868e,446,305,-1,,,,,,,,,,,2024-06-17T13:42:31.866Z
Line_5_stairs_down,e384f534f12c984588d8868e,396,315,-1,,,,,,,,,,,2024-06-17T13:42:31.866Z
Line_5_stairs_down_2,e384f534f12c984588d8868e,476,370,-1,,,,,,,,,,,2024-06-17T13:45:55.045Z
Line_5_stairs_down_2,e384f534f12c984588d8868e,506,370,-1,,,,,,,,,,,2024-06-17T13:45:55.045Z
Line_5_stairs_down_2,e384f534f12c984588d8868e,546,370,-1,,,,,,,,,,,2024-06-17T13:45:55.045Z
Line_5_stairs_down_2,e384f534f12c984588d8868e,596,370,-1,,,,,,,,,,,2024-06-17T13:45:55.045Z
Line_5_stairs_down_2,e384f534f12c984588d8868e,626,370,-1,,,,,,,,,,,2024-06-17T13:45:55.045Z
Line_5_stairs_down_2,e384f534f12c984588d8868e,701,370,-1,,,,,,,,,,,2024-06-17T13:45:55.045Z
Line_5_stairs_down_3,e384f534f12c984588d8868e,706,310,-1,,,,,,,,,,,2024-06-17T13:49:00.627Z
Line_5_stairs_down_3,e384f534f12c984588d8868e,626,290,-1,,,,,,,,,,,2024-06-17T13:49:00.627Z
Line_5_stairs_down_3,e384f534f12c984588d8868e,566,290,-1,,,,,,,,,,,2024-06-17T13:49:00.627Z
Line_5_stairs_down_3,e384f534f12c984588d8868e,566,340,-1,,,,,,,,,,,2024-06-17T13:49:00.627Z
Line_5_stairs_down_3,e384f534f12c984588d8868e,626,340,-1,,,,,,,,,,,2024-06-17T13:49:00.627Z
Line_5_stairs_down_4,e384f534f12c984588d8868e,626,365,-1,1718632160000,5.300000190734863,34.81804833333333,32.11284666666666,52.5,269.5799865722656,1.2121708393096924,25,34,5,2024-06-17T13:51:31.329Z
Line_5_stairs_down_4,e384f534f12c984588d8868e,681,420,-1,1718632203000,6.699999809265137,34.818036666666664,32.11269666666667,58.900000000000006,143.25,1.248716115951538,21,29,6,2024-06-17T13:51:31.329Z
Line_5_stairs_down_4,e384f534f12c984588d8868e,681,470,-1,1718632226000,3.4000000953674316,34.818005,32.11288666666667,50,199.4199981689453,1.0155469179153442,25,37,10,2024-06-17T13:51:31.329Z
Line_5_stairs_down_4,e384f534f12c984588d8868e,576,470,-1,1718632261000,2.9000000953674316,34.81809833333333,32.11284,51.3,0.5299999713897705,0,24,34,14,2024-06-17T13:51:31.329Z
Line_5_stairs_down_4,e384f534f12c984588d8868e,576,420,-1,1718632283000,5.699999809265137,34.81803166666667,32.11304833333334,56.3,2.990000009536743,0,25,29,7,2024-06-17T13:51:31.329Z
Line_5_stairs_down_5,e384f534f12c984588d8868e,627,424,-1,1718632618000,5.099999904632568,34.817755000000005,32.113018333333336,48.099999999999994,10.100000381469727,0,23,29,6,2024-06-17T13:57:42.494Z
Line_5_stairs_down_5,e384f534f12c984588d8868e,627,479,-1,1718632641000,3.9000000953674316,34.817955,32.113060000000004,50.099999999999994,10.100000381469727,0,24,40,14,2024-06-17T13:57:42.494Z
Line_5_stairs_down_5,e384f534f12c984588d8868e,627,514,-1,1718632659000,2.5,34.81802833333334,32.11296166666667,53.8,112.58999633789062,0.5358258485794067,26,38,25,2024-06-17T13:57:42.494Z
Line_5_stairs_down_6,e384f534f12c984588d8868e,243,555,-1,1718632995000,2.799999952316284,34.81783666666667,32.11317833333333,43.9,36.439998626708984,0.49310389161109924,26,39,23,2024-06-17T14:04:42.896Z
Line_5_stairs_down_6,e384f534f12c984588d8868e,243,555,-1,1718633004000,2.9000000953674316,34.817845000000005,32.11318166666667,42.9,133.3000030517578,0.4570733308792114,26,35,22,2024-06-17T14:04:42.896Z
Line_5_stairs_down_6,e384f534f12c984588d8868e,243,555,-1,1718633005000,2.9000000953674316,34.817841666666666,32.11317666666666,42.8,210.94000244140625,0.4050863981246948,25,36,21,2024-06-17T14:04:42.896Z
Line_5_stairs_down_6,e384f534f12c984588d8868e,243,590,-1,1718633019000,3,34.81783666666667,32.11315833333333,45.2,275.9200134277344,0,27,34,16,2024-06-17T14:04:42.896Z
Line_5_stairs_down_6,e384f534f12c984588d8868e,243,605,-1,1718633033000,4.300000190734863,34.81786666666667,32.113121666666665,42.9,251.33999633789062,0,21,30,8,2024-06-17T14:04:42.896Z
Line_5_stairs_down_6,e384f534f12c984588d8868e,293,605,-1,1718633052000,3.5,34.817969999999995,32.113191666666665,33,166.75,1.117461919784546,24,35,12,2024-06-17T14:04:42.896Z
Line_5_stairs_down_7,e384f534f12c984588d8868e,243,645,-1,1718633117000,5.099999904632568,34.81767,32.112946666666666,37.099999999999994,170.6999969482422,0,21,31,13,2024-06-17T14:06:58.637Z
Line_5_stairs_down_7,e384f534f12c984588d8868e,293,670,-1,1718633152000,5.400000095367432,34.81791833333333,32.113058333333335,39.2,170.6999969482422,0,20,23,6,2024-06-17T14:06:58.637Z
Line_5_stairs_down_7,e384f534f12c984588d8868e,328,675,-1,1718633175000,3.4000000953674316,34.81806666666667,32.11307166666666,43.5,124.47000122070312,0.7175227999687195,27,38,17,2024-06-17T14:06:58.637Z
Line_5_stairs_down_7,e384f534f12c984588d8868e,358,675,-1,1718633192000,2.5,34.818095,32.113058333333335,43.8,120.4800033569336,0,28,44,20,2024-06-17T14:06:58.637Z
Line_5_stairs_down_7,e384f534f12c984588d8868e,358,675,-1,1718633200000,2.0999999046325684,34.818095,32.113058333333335,43.8,120.4800033569336,0,30,47,28,2024-06-17T14:06:58.637Z
Line_5_stairs_down_8,e384f534f12c984588d8868e,373,675,-1,1718633238000,1.899999976158142,34.81806666666667,32.113078333333334,48.7,69.19999694824219,0,32,44,28,2024-06-17T14:09:24.702Z
Line_5_stairs_down_8,e384f534f12c984588d8868e,358,605,-1,1718633272000,4.800000190734863,34.81814333333333,32.11315833333333,49.5,6.21999979019165,0,21,29,9,2024-06-17T14:09:24.702Z
Line_5_stairs_down_8,e384f534f12c984588d8868e,328,605,-1,1718633304000,3.799999952316284,34.81789833333333,32.11322833333334,43.7,6.21999979019165,0,23,32,12,2024-06-17T14:09:24.702Z
Line_5_stairs_down_8,e384f534f12c984588d8868e,293,640,-1,1718633336000,4.099999904632568,34.817946666666664,32.113148333333335,37.9,16.6299991607666,0,21,33,16,2024-06-17T14:09:24.702Z
Line_5_stairs_down_8,e384f534f12c984588d8868e,328,645,-1,1718633360000,3.5,34.81789833333333,32.11309666666667,31.1,16.6299991607666,0,24,33,12,2024-06-17T14:09:24.702Z
Line_5_stairs_down_9,e384f534f12c984588d8868e,468,670,-1,1718633458000,1.600000023841858,34.817924999999995,32.113146666666665,41.9,201.7899932861328,0,32,49,35,2024-06-17T14:12:04.257Z
Line_5_stairs_down_9,e384f534f12c984588d8868e,628,670,-1,1718633490000,1.2999999523162842,34.81800666666666,32.11312,40.599999999999994,357.8599853515625,0,35,48,36,2024-06-17T14:12:04.257Z
Line_5_stairs_down_9,e384f534f12c984588d8868e,748,670,-1,1718633516000,1.2999999523162842,34.81807166666667,32.113123333333334,41,343.30999755859375,0,34,47,38,2024-06-17T14:12:04.257Z
Line_5_stairs_down_10,e384f534f12c984588d8868e,627,761,-1,1718633914000,1.399999976158142,34.81794166666667,32.113034999999996,40.7,7.090000152587891,0,34,51,38,2024-06-17T14:19:43.761Z
Line_5_stairs_down_10,e384f534f12c984588d8868e,737,761,-1,1718633941000,1.2000000476837158,34.81807,32.11304833333334,42,18.93000030517578,0,38,49,39,2024-06-17T14:19:43.761Z
Line_5_stairs_down_10,e384f534f12c984588d8868e,877,761,-1,1718633970000,1.399999976158142,34.818125,32.113036666666666,39.8,206.66000366210938,0,36,52,35,2024-06-17T14:19:43.761Z
Line_5_stairs_down_11,e384f534f12c984588d8868e,467,761,-1,1718634040000,1.600000023841858,34.81796333333333,32.11304833333334,41.4,207.32000732421875,0,33,48,37,2024-06-17T14:21:07.484Z
Line_5_stairs_down_11,e384f534f12c984588d8868e,467,676,-1,1718634062000,1.600000023841858,34.817928333333334,32.11311166666667,42.8,226.55999755859375,0,33,46,30,2024-06-17T14:21:07.484Z
Line_5_stairs_down_12,e384f534f12c984588d8868e,362,761,-1,1718634118000,1.899999976158142,34.817945,32.113081666666666,45.599999999999994,123.23999786376953,0,30,44,28,2024-06-17T14:24:29.281Z
Line_5_stairs_down_12,e384f534f12c984588d8868e,227,761,-1,1718634204000,3.9000000953674316,34.81791,32.11294,45.8,321.1700134277344,0,23,28,10,2024-06-17T14:24:29.281Z
Line_5_stairs_down_12,e384f534f12c984588d8868e,227,941,-1,1718634238000,5.599999904632568,34.81771333333334,32.11278333333333,46.7,321.1700134277344,1.3218066692352295,18,23,5,2024-06-17T14:24:29.281Z
Line_5_stairs_down_12,e384f534f12c984588d8868e,347,941,-1,1718634262000,4.400000095367432,34.81796833333333,32.112991666666666,47.599999999999994,72.76000213623047,0,22,30,9,2024-06-17T14:24:29.281Z
Line_5_stairs_down_13,e384f534f12c984588d8868e,467,901,-1,1718634350000,1.5,34.818023333333336,32.113033333333334,46.8,102.16999816894531,0,34,47,34,2024-06-17T14:26:25.723Z
Line_5_stairs_down_13,e384f534f12c984588d8868e,572,901,-1,1718634381000,1.399999976158142,34.81795833333333,32.112941666666664,43.599999999999994,102.16999816894531,0,37,49,33,2024-06-17T14:26:25.723Z
Line_5_stairs_down_14,e384f534f12c984588d8868e,987,761,-1,1718634486000,1.399999976158142,34.81826,32.11305,41.9,102.16999816894531,0,35,46,36,2024-06-17T14:29:18.918Z
Line_5_stairs_down_14,e384f534f12c984588d8868e,987,656,-1,1718634507000,1.5,34.81826,32.11305,41.9,102.16999816894531,0,32,46,36,2024-06-17T14:29:18.918Z
Line_5_stairs_down_14,e384f534f12c984588d8868e,1047,656,-1,1718634531000,1.5,34.81820333333334,32.11313333333333,44.4,102.16999816894531,0,33,45,36,2024-06-17T14:29:18.918Z
Line_5_stairs_down_14,e384f534f12c984588d8868e,1047,551,-1,1718634556000,1.7999999523162842,34.81820333333334,32.11313333333333,44.4,102.16999816894531,0,33,46,29,2024-06-17T14:29:18.918Z
Line_5_stairs_down_15,e384f534f12c984588d8868e,1047,461,-1,1718634606000,1.7000000476837158,34.81827333333333,32.113216666666666,33.5,354.2200012207031,0,29,48,39,2024-06-17T14:31:19.802Z
Line_5_stairs_down_15,e384f534f12c984588d8868e,1047,336,-1,1718634638000,1.899999976158142,34.81827333333333,32.113216666666666,33.5,354.2200012207031,0,30,47,32,2024-06-17T14:31:19.802Z
Line_5_stairs_down_15,e384f534f12c984588d8868e,997,336,-1,1718634654000,2.0999999046325684,34.81827333333333,32.113216666666666,33.5,354.2200012207031,0,26,40,32,2024-06-17T14:31:19.802Z
Line_5_stairs_down_15,e384f534f12c984588d8868e,997,371,-1,1718634677000,2,34.81838166666667,32.11316166666666,44.2,5.300000190734863,0,27,46,38,2024-06-17T14:31:19.802Z
Line_5_stairs_down_16,e384f534f12c984588d8868e,997,451,-1,1718634728000,2,34.81838166666667,32.11316166666666,44.2,5.300000190734863,0,26,45,35,2024-06-17T14:32:47.722Z
Line_5_stairs_down_16,e384f534f12c984588d8868e,967,451,-1,1718634759000,1.899999976158142,34.81838166666667,32.11316166666666,44.2,5.300000190734863,0,27,40,28,2024-06-17T14:32:47.722Z
Line_5_stairs_down_17,e384f534f12c984588d8868e,967,361,0,1718634806000,2.5,34.81827166666667,32.11317666666666,36.9,5.300000190734863,0,27,49,29,2024-06-17T14:33:50.566Z
Line_5_stairs_down_17,e384f534f12c984588d8868e,967,346,0,1718634827000,2.5,34.81827166666667,32.11317666666666,36.9,5.300000190734863,0,25,38,28,2024-06-17T14:33:50.566Z
llastboundary,e384f534f12c984588d8868e,35,1181,-1,1718643641000,2.0999999046325684,34.817658333333334,32.112854999999996,32.1,322.44000244140625,0,28,39,29,2024-06-17T17:02:26.517Z
llastboundary,e384f534f12c984588d8868e,35,1111,-1,1718643667000,2,34.81765333333333,32.11291166666667,31.799999999999997,216.4499969482422,0,29,42,27,2024-06-17T17:02:26.517Z
llastboundary,e384f534f12c984588d8868e,35,886,-1,1718643692000,2.200000047683716,34.81765333333333,32.113013333333335,49.7,314.4200134277344,0.41126304864883423,29,43,22,2024-06-17T17:02:26.517Z
llastboundary,e384f534f12c984588d8868e,35,586,-1,1718643721000,2.0999999046325684,34.81770166666667,32.113095,49.2,172.9600067138672,0,29,48,25,2024-06-17T17:02:26.517Z
llastbounda_3ry,e384f534f12c984588d8868e,35,546,-1,1718643770000,1.7999999523162842,34.817705000000004,32.11317666666666,47.599999999999994,17.110000610351562,0,31,49,27,2024-06-17T17:04:37.399Z
llastbounda_3ry,e384f534f12c984588d8868e,135,521,-1,1718643797000,2.299999952316284,34.81773166666667,32.11316,44.8,347.8399963378906,0,26,48,27,2024-06-17T17:04:37.399Z
llastbounda_3ry,e384f534f12c984588d8868e,35,381,-1,1718643845000,2,34.817725,32.113258333333334,47.9,52.41999816894531,0,27,44,28,2024-06-17T17:04:37.399Z
llastbounda_3ry,e384f534f12c984588d8868e,35,316,-1,1718643860000,1.7999999523162842,34.81774333333333,32.113283333333335,50.099999999999994,223.35000610351562,0,28,46,33,2024-06-17T17:04:37.399Z
llastbounda_3r55y,e384f534f12c984588d8868e,175,316,-1,1718643895000,3.5,34.81756666666667,32.113205,51.400000000000006,152.6699981689453,0,21,33,14,2024-06-17T17:05:54.981Z
llastbounda_3r55y,e384f534f12c984588d8868e,315,316,-1,,,,,,,,,,,2024-06-17T17:05:54.981Z
