version,buildingId,x,y,floor,mx,my,mz,my_bias,mx_bias,mz_uncalib,mz_bias,my_uncalib,mx_uncalib,uploaddAt
Yest,e384f534f12c984588d8868e,0,0,-1,52.37300109863281,-59.092002868652344,55.80400085449219,-65.56300354003906,-16.069000244140625,-24.38800048828125,-80.44400024414062,-125.46900939941406,36.669002532958984,2024-06-17T10:59:35.865Z
Line_1_top_right,e384f534f12c984588d8868e,1326,30,0,43.44600296020508,3.6760001182556152,48.358001708984375,-65.56200408935547,-16.069000244140625,-32.45800018310547,-80.44400024414062,-60.68400192260742,28.503002166748047,2024-06-17T11:04:10.597Z
Line_1_top_right,e384f534f12c984588d8868e,1326,30,0,43.44600296020508,3.6760001182556152,48.358001708984375,-65.56200408935547,-16.069000244140625,-32.45800018310547,-80.44400024414062,-60.68400192260742,28.503002166748047,2024-06-17T11:04:10.597Z
Line_1_top_right,e384f534f12c984588d8868e,1226,30,0,41.6510009765625,7.323000431060791,51.81300354003906,-65.56200408935547,-16.069000244140625,-28.898000717163086,-80.44400024414062,-56.881004333496094,27.172000885009766,2024-06-17T11:04:10.597Z
Line_1_top_right,e384f534f12c984588d8868e,1106,30,0,47.32200241088867,9.724000930786133,48.45900344848633,-65.56200408935547,-16.069000244140625,-31.3330020904541,-80.44500732421875,-55.790000915527344,30.933000564575195,2024-06-17T11:04:10.597Z
Line_1_top_right,e384f534f12c984588d8868e,1011,35,0,48.00800323486328,12.553000450134277,51.84600067138672,-65.56200408935547,-16.069000244140625,-30.12700080871582,-80.44400024414062,-53.14800262451172,30.78400230407715,2024-06-17T11:04:10.597Z
Line_1_top_right,e384f534f12c984588d8868e,881,35,0,43.57400131225586,10.929000854492188,50.583003997802734,-65.56200408935547,-16.069000244140625,-32.59300231933594,-80.44500732421875,-54.329002380371094,31.067001342773438,2024-06-17T11:04:10.597Z
Line_1_top_right,e384f534f12c984588d8868e,751,35,0,38.98100280761719,9.110000610351562,47.579002380371094,-65.56200408935547,-16.07000160217285,-32.8650016784668,-80.44400024414062,-56.452003479003906,22.911001205444336,2024-06-17T11:04:10.597Z
Line_1_top_middle,e384f534f12c984588d8868e,676,35,0,43.46200180053711,12.403000831604004,54.89600372314453,-65.56200408935547,-16.07000160217285,-26.001001358032227,-80.44400024414062,-52.75300216674805,27.540000915527344,2024-06-17T11:06:58.931Z
Line_1_top_middle,e384f534f12c984588d8868e,656,5,0,50.9170036315918,12.483000755310059,59.728004455566406,-65.56200408935547,-16.07000160217285,-21.586000442504883,-80.44500732421875,-53.24400329589844,34.25800323486328,2024-06-17T11:06:58.931Z
Line_1_top_middle,e384f534f12c984588d8868e,626,35,0,44.54500198364258,8.581000328063965,49.915000915527344,-65.56200408935547,-16.069000244140625,-31.226001739501953,-80.44400024414062,-58.87600326538086,26.367000579833984,2024-06-17T11:06:58.931Z
Line_1_top_middle,e384f534f12c984588d8868e,576,35,0,43.7660026550293,9.824000358581543,48.87900161743164,-65.56200408935547,-16.069000244140625,-30.269001007080078,-80.44400024414062,-55.31500244140625,28.097002029418945,2024-06-17T11:06:58.931Z
Line_1_top_left,e384f534f12c984588d8868e,511,35,0,46.6410026550293,10.6850004196167,48.41800308227539,-65.56200408935547,-16.069000244140625,-31.340002059936523,-80.44400024414062,-55.62700271606445,30.727001190185547,2024-06-17T11:12:27.549Z
Line_1_top_left,e384f534f12c984588d8868e,426,35,0,44.4640007019043,13.90000057220459,51.78000259399414,-65.56200408935547,-16.07000160217285,-29.301000595092773,-80.44500732421875,-52.18600082397461,27.994001388549805,2024-06-17T11:12:27.549Z
Line_1_top_left,e384f534f12c984588d8868e,426,90,0,40.54100036621094,16.506999969482422,54.72300338745117,-65.56200408935547,-16.069000244140625,-27.599000930786133,-80.44500732421875,-48.617000579833984,24.042001724243164,2024-06-17T11:12:27.549Z
Line_1_top_left,e384f534f12c984588d8868e,346,35,0,47.375003814697266,8.31100082397461,47.09400177001953,-65.56200408935547,-16.07000160217285,-31.398000717163086,-80.44400024414062,-56.974002838134766,29.91400146484375,2024-06-17T11:12:27.549Z
Line_1_top_left,e384f534f12c984588d8868e,261,35,0,38.320003509521484,12.701000213623047,52.57100296020508,-65.56200408935547,-16.069000244140625,-29.487001419067383,-80.44500732421875,-53.52700424194336,22.1560001373291,2024-06-17T11:12:27.549Z
Line_1_top_left,e384f534f12c984588d8868e,176,35,0,40.01100158691406,10.931000709533691,51.22600173950195,-65.56200408935547,-16.069000244140625,-29.218002319335938,-80.44400024414062,-54.631004333496094,23.942001342773438,2024-06-17T11:12:27.549Z
Line_1_top_left,e384f534f12c984588d8868e,111,35,0,41.66400146484375,10.668000221252441,51.57100296020508,-65.56200408935547,-16.069000244140625,-29.543001174926758,-80.44400024414062,-54.44900131225586,26.748001098632812,2024-06-17T11:12:27.549Z
Line_1_top_left,e384f534f12c984588d8868e,36,35,0,41.62900161743164,8.381999969482422,50.45900344848633,-65.56200408935547,-16.069000244140625,-30.106000900268555,-80.44400024414062,-57.060001373291016,23.56100082397461,2024-06-17T11:12:27.549Z
Line_1_top_left,e384f534f12c984588d8868e,36,0,0,51.695003509521484,-3.5880000591278076,53.37600326538086,-65.56300354003906,-16.069000244140625,-25.73000144958496,-80.44400024414062,-66.90299987792969,37.55800247192383,2024-06-17T11:12:27.549Z
Line_1_top_left_down,e384f534f12c984588d8868e,35,0,-1,53.99400329589844,2.449000120162964,52.707000732421875,-65.56200408935547,-16.069000244140625,-27.738000869750977,-80.44500732421875,-63.11300277709961,37.92500305175781,2024-06-17T11:29:30.910Z
Line_1_top_left_down,e384f534f12c984588d8868e,35,0,-1,42.781002044677734,11.130000114440918,48.496002197265625,-65.56200408935547,-16.07000160217285,-31.948001861572266,-80.44400024414062,-54.432003021240234,26.711000442504883,2024-06-17T11:29:30.910Z
Line_1_top_left_down,e384f534f12c984588d8868e,35,0,-1,41.05500030517578,12.815000534057617,48.204002380371094,-65.56200408935547,-16.069000244140625,-32.2400016784668,-80.44400024414062,-52.74700164794922,24.98600196838379,2024-06-17T11:29:30.910Z
Line_1_top_left_down,e384f534f12c984588d8868e,0,35,0,43.025001525878906,10.610000610351562,46.22200393676758,-65.56200408935547,-16.069000244140625,-34.22200012207031,-80.44400024414062,-54.952003479003906,26.95600128173828,2024-06-17T11:29:30.910Z
Line_1_top_left_down,e384f534f12c984588d8868e,35,0,0,52.452003479003906,-0.31800001859664917,51.281002044677734,-65.56200408935547,-16.069000244140625,-30.16600227355957,-80.44500732421875,-65.45000457763672,35.96600341796875,2024-06-17T11:29:30.910Z
Line_1_top_left_down,e384f534f12c984588d8868e,35,5,0,52.332000732421875,-0.6340000033378601,52.823001861572266,-65.56300354003906,-16.07000160217285,-27.621002197265625,-80.44400024414062,-66.19700622558594,36.262001037597656,2024-06-17T11:29:30.910Z
Line_1_top_left_down,e384f534f12c984588d8868e,35,100,0,48.25400161743164,1.8410000801086426,46.80800247192383,-65.56200408935547,-16.07000160217285,-33.63600158691406,-80.44400024414062,-63.721004486083984,32.18400192260742,2024-06-17T11:29:30.910Z
Line_1_top_left_down,e384f534f12c984588d8868e,140,100,0,44.928001403808594,6.26900053024292,47.1670036315918,-65.56200408935547,-16.069000244140625,-34.2760009765625,-80.44400024414062,-58.958003997802734,28.4320011138916,2024-06-17T11:29:30.910Z
Line_1_top_left_down,e384f534f12c984588d8868e,210,100,0,40.9370002746582,16.5939998626709,50.89500427246094,-65.56200408935547,-16.07000160217285,-29.549001693725586,-80.44400024414062,-48.96800231933594,24.867000579833984,2024-06-17T11:29:30.910Z
Line_1_middle_extra,e384f534f12c984588d8868e,425,15,0,43.910003662109375,13.075000762939453,50.499000549316406,-65.56200408935547,-16.069000244140625,-28.530000686645508,-80.44400024414062,-52.40800094604492,27.090002059936523,2024-06-17T11:31:45.623Z
Line_2_ramp_entrance,e384f534f12c984588d8868e,580,110,0,50.91200256347656,12.757000923156738,50.53700256347656,-65.56200408935547,-16.069000244140625,-29.290000915527344,-80.44400024414062,-51.99800109863281,33.03900146484375,2024-06-17T11:37:36.908Z
Line_2_ramp_entrance,e384f534f12c984588d8868e,670,110,0,44.345001220703125,12.094000816345215,49.22800064086914,-65.56200408935547,-16.07000160217285,-30.790000915527344,-80.44400024414062,-53.1510009765625,28.53900146484375,2024-06-17T11:37:36.908Z
Line_2_ramp_entrance,e384f534f12c984588d8868e,685,140,0,48.048004150390625,6.440000534057617,52.63600158691406,-65.56200408935547,-16.069000244140625,-27.808000564575195,-80.44400024414062,-59.12200164794922,31.979001998901367,2024-06-17T11:37:36.908Z
Line_2_ramp_entrance,e384f534f12c984588d8868e,750,140,0,40.4170036315918,12.19800090789795,54.34700393676758,-65.56200408935547,-16.069000244140625,-26.097002029418945,-80.44400024414062,-53.3640022277832,24.34800148010254,2024-06-17T11:37:36.908Z
Line_2_ramp_entrance,e384f534f12c984588d8868e,880,140,0,45.0150032043457,10.968000411987305,56.70700454711914,-65.56200408935547,-16.069000244140625,-23.737001419067383,-80.44400024414062,-54.59400177001953,28.946001052856445,2024-06-17T11:37:36.908Z
Line_2_ramp_entrance,e384f534f12c984588d8868e,880,100,0,44.75100326538086,10.719000816345215,48.73800277709961,-65.56200408935547,-16.069000244140625,-31.70600128173828,-80.44400024414062,-54.84300231933594,28.6820011138916,2024-06-17T11:37:36.908Z
Line_2_ramp_entrance,e384f534f12c984588d8868e,590,165,0,43.48800277709961,0.5070000290870667,50.888004302978516,-65.56200408935547,-16.069000244140625,-29.556001663208008,-80.44400024414062,-65.05500030517578,27.41900062561035,2024-06-17T11:37:36.908Z
Line_2_ramp_entrance,e384f534f12c984588d8868e,670,165,0,46.118003845214844,2.633000135421753,54.74800109863281,-65.56200408935547,-16.069000244140625,-26.043001174926758,-80.44400024414062,-62.50200271606445,29.641000747680664,2024-06-17T11:37:36.908Z
Line_3_entrance_hall,e384f534f12c984588d8868e,625,195,0,45.259002685546875,-0.9610000252723694,59.69700241088867,-65.56300354003906,-16.069000244140625,-20.748001098632812,-80.44500732421875,-66.52400207519531,29.190000534057617,2024-06-17T11:43:08.901Z
Line_3_entrance_hall,e384f534f12c984588d8868e,560,210,0,43.99800109863281,0.23600001633167267,56.69300079345703,-65.56300354003906,-16.069000244140625,-22.266000747680664,-80.44400024414062,-66.8790054321289,28.571001052856445,2024-06-17T11:43:08.901Z
Line_3_entrance_hall,e384f534f12c984588d8868e,560,210,0,43.99800109863281,0.23600001633167267,56.69300079345703,-65.56300354003906,-16.069000244140625,-22.266000747680664,-80.44400024414062,-66.8790054321289,28.571001052856445,2024-06-17T11:43:08.901Z
Line_3_entrance_hall,e384f534f12c984588d8868e,565,260,0,43.928001403808594,-4.470000267028809,48.246002197265625,-65.56300354003906,-16.069000244140625,-32.198001861572266,-80.44400024414062,-70.03300476074219,27.85900115966797,2024-06-17T11:43:08.901Z
Line_3_entrance_hall,e384f534f12c984588d8868e,625,250,0,42.75800323486328,2.7770001888275146,53.20000076293945,-65.56200408935547,-16.069000244140625,-27.244001388549805,-80.44400024414062,-62.785003662109375,26.689001083374023,2024-06-17T11:43:08.901Z
Line_3_entrance_hall,e384f534f12c984588d8868e,685,215,0,42.165000915527344,-5.817000389099121,65.7800064086914,-65.56300354003906,-16.069000244140625,-14.664000511169434,-80.44400024414062,-71.3800048828125,26.09600067138672,2024-06-17T11:43:08.901Z
Line_3_entrance_hall,e384f534f12c984588d8868e,685,275,0,41.60000228881836,2.132000207901001,54.86100387573242,-65.56200408935547,-16.069000244140625,-25.5830020904541,-80.44400024414062,-63.43000411987305,25.531002044677734,2024-06-17T11:43:08.901Z
Line_3_entrance_hall,e384f534f12c984588d8868e,625,275,0,41.820003509521484,-1.0160000324249268,47.336002349853516,-65.56300354003906,-16.069000244140625,-33.108001708984375,-80.44400024414062,-66.5790023803711,25.751001358032227,2024-06-17T11:43:08.901Z
Line_3_entrance_hall,e384f534f12c984588d8868e,690,335,0,45.277000427246094,4.4810004234313965,59.9170036315918,-65.56200408935547,-16.069000244140625,-20.527000427246094,-80.44400024414062,-61.08100128173828,29.2080020904541,2024-06-17T11:43:08.901Z
Line_3_entrance_hall_2_stairs,e384f534f12c984588d8868e,622,398,0,46.33400344848633,6.460000514984131,57.11000442504883,-65.56200408935547,-16.07000160217285,-22.580001831054688,-80.44400024414062,-58.83200454711914,30.19300079345703,2024-06-17T11:54:53.382Z
Line_3_entrance_hall_2_stairs,e384f534f12c984588d8868e,622,383,0,51.923004150390625,-52.11100387573242,58.58500289916992,-65.56300354003906,-16.069000244140625,-22.95800018310547,-80.44500732421875,-117.46500396728516,36.6400032043457,2024-06-17T11:54:53.382Z
Line_3_entrance_hall_2_stairs,e384f534f12c984588d8868e,682,333,0,48.54300308227539,2.2820000648498535,55.09800338745117,-65.56200408935547,-16.07000160217285,-25.34600067138672,-80.44400024414062,-63.28000259399414,32.47300338745117,2024-06-17T11:54:53.382Z
Line_3_entrance_hall_2_stairs,e384f534f12c984588d8868e,627,333,0,43.6410026550293,2.196000099182129,56.39600372314453,-65.56200408935547,-16.069000244140625,-26.001001358032227,-80.44500732421875,-63.78400421142578,27.16200065612793,2024-06-17T11:54:53.382Z
Line_3_entrance_hall_2_stairs,e384f534f12c984588d8868e,557,338,0,43.079002380371094,7.639000415802002,48.19900131225586,-65.56200408935547,-16.069000244140625,-32.24500274658203,-80.44400024414062,-57.923004150390625,27.01000213623047,2024-06-17T11:54:53.382Z
Line_3_entrance_hall_2_stairs,e384f534f12c984588d8868e,557,368,0,46.21000289916992,6.823000431060791,46.82200241088867,-65.56200408935547,-16.069000244140625,-32.83100128173828,-80.44400024414062,-59.37700271606445,30.421001434326172,2024-06-17T11:54:53.382Z
Line_3_entrance_hall_2_stairs,e384f534f12c984588d8868e,557,308,0,42.98500061035156,15.369000434875488,47.345001220703125,-65.56200408935547,-16.069000244140625,-32.14800262451172,-80.44400024414062,-52.211002349853516,26.160001754760742,2024-06-17T11:54:53.382Z
Line_3_entrance_hall_stairs_around,e384f534f12c984588d8868e,502,308,0,41.50800323486328,7.017000198364258,51.82500076293945,-65.56200408935547,-16.069000244140625,-29.240001678466797,-80.44400024414062,-59.5160026550293,24.545001983642578,2024-06-17T11:57:47.291Z
Line_3_entrance_hall_stairs_around,e384f534f12c984588d8868e,452,308,0,47.9900016784668,17.43600082397461,60.6140022277832,-65.56200408935547,-16.069000244140625,-21.10900115966797,-80.44400024414062,-48.86900329589844,32.71600341796875,2024-06-17T11:57:47.291Z
Line_3_entrance_hall_stairs_around,e384f534f12c984588d8868e,447,338,0,49.958003997802734,7.039000511169434,56.44400405883789,-65.56200408935547,-16.069000244140625,-24.97800064086914,-80.44400024414062,-58.77700424194336,32.61800003051758,2024-06-17T11:57:47.291Z
Line_3_entrance_hall_stairs_around,e384f534f12c984588d8868e,447,363,0,44.81100082397461,2.328000068664551,58.90800094604492,-65.56200408935547,-16.07000160217285,-19.775001525878906,-80.44500732421875,-63.58200454711914,28.398000717163086,2024-06-17T11:57:47.291Z
Line_3_entrance_hall_stairs_around,e384f534f12c984588d8868e,502,368,0,41.156002044677734,11.108000755310059,58.87400436401367,-65.56200408935547,-16.069000244140625,-22.885000228881836,-80.44400024414062,-54.40800094604492,24.624000549316406,2024-06-17T11:57:47.291Z
Line_3_entrance_hall_left_classes,e384f534f12c984588d8868e,367,378,0,45.61600112915039,7.4720001220703125,61.439002990722656,-65.56200408935547,-16.069000244140625,-18.336000442504883,-80.44400024414062,-58.505001068115234,28.6200008392334,2024-06-17T12:02:59.384Z
Line_3_entrance_hall_left_classes,e384f534f12c984588d8868e,362,338,0,44.73200225830078,1.9250000715255737,49.525001525878906,-65.56200408935547,-16.069000244140625,-30.678001403808594,-80.44400024414062,-64.21900177001953,28.606000900268555,2024-06-17T12:02:59.384Z
Line_3_entrance_hall_left_classes,e384f534f12c984588d8868e,392,338,0,52.724002838134766,3.989000082015991,53.952003479003906,-65.56200408935547,-16.069000244140625,-26.464000701904297,-80.44500732421875,-62.38500213623047,35.56500244140625,2024-06-17T12:02:59.384Z
Line_3_entrance_hall_left_classes,e384f534f12c984588d8868e,367,298,0,50.10700225830078,-49.91100311279297,63.30000305175781,-65.56300354003906,-16.069000244140625,-18.64000129699707,-80.44400024414062,-116.39400482177734,33.47100067138672,2024-06-17T12:02:59.384Z
Line_3_entrance_hall_left_classes,e384f534f12c984588d8868e,327,283,0,46.27800369262695,-44.43600082397461,67.22200012207031,-65.56300354003906,-16.069000244140625,-11.92300033569336,-80.44500732421875,-109.67300415039062,30.599000930786133,2024-06-17T12:02:59.384Z
Line_3_entrance_hall_left_classes,e384f534f12c984588d8868e,327,338,0,42.669002532958984,4.410000324249268,50.8390007019043,-65.56200408935547,-16.069000244140625,-27.983001708984375,-80.44400024414062,-60.7390022277832,26.22300148010254,2024-06-17T12:02:59.384Z
Line_3_entrance_hall_left_classes,e384f534f12c984588d8868e,242,338,0,48.43700408935547,6.225000381469727,50.46000289916992,-65.56200408935547,-16.07000160217285,-30.71700096130371,-80.44400024414062,-60.256004333496094,31.143001556396484,2024-06-17T12:02:59.384Z
Line_3_entrance_hall_left_classes_extra,e384f534f12c984588d8868e,192,308,0,42.23800277709961,13.99000072479248,51.65900421142578,-65.56200408935547,-16.069000244140625,-28.785001754760742,-80.44400024414062,-51.57200241088867,26.16900062561035,2024-06-17T12:05:46.331Z
Line_3_entrance_hall_left_classes_extra,e384f534f12c984588d8868e,192,308,0,75.69200134277344,-1.3660000562667847,52.06100082397461,-65.56300354003906,-16.069000244140625,-28.178001403808594,-80.44400024414062,-66.64800262451172,58.87400436401367,2024-06-17T12:05:46.331Z
Line_3_entrance_hall_left_classes_extra,e384f534f12c984588d8868e,192,308,0,51.93100357055664,-55.297000885009766,52.04500198364258,-65.56300354003906,-16.07000160217285,-26.961000442504883,-80.44500732421875,-121.2350082397461,36.73800277709961,2024-06-17T12:05:46.331Z
Line_3_entrance_hall_left_classes_extra,e384f534f12c984588d8868e,192,308,0,20.351001739501953,-25.07000160217285,50.07400131225586,-65.56300354003906,-16.069000244140625,-30.3700008392334,-80.44400024414062,-90.63300323486328,4.2820000648498535,2024-06-17T12:05:46.331Z
Line_3_entrance_hall_left_classes_extra,e384f534f12c984588d8868e,177,333,0,44.75600051879883,10.954000473022461,54.52100372314453,-65.56200408935547,-16.07000160217285,-25.92300033569336,-80.44400024414062,-54.608001708984375,28.68600082397461,2024-06-17T12:05:46.331Z
Line_3_entrance_hall_left_classes_extra,e384f534f12c984588d8868e,137,333,0,42.040000915527344,6.904000282287598,50.957000732421875,-65.56200408935547,-16.069000244140625,-29.18600082397461,-80.44400024414062,-57.99700164794922,25.934001922607422,2024-06-17T12:05:46.331Z
Line_3_entrance_hall_left_classes_extra,e384f534f12c984588d8868e,137,383,0,40.80400085449219,9.072000503540039,57.20500183105469,-65.56200408935547,-16.069000244140625,-22.356000900268555,-80.44400024414062,-56.78000259399414,24.04800033569336,2024-06-17T12:05:46.331Z
Line_3_entrance_hall_left_classes_extra,e384f534f12c984588d8868e,192,378,0,43.22700119018555,1.8820000886917114,53.45600128173828,-65.56200408935547,-16.07000160217285,-26.989002227783203,-80.44500732421875,-63.68000411987305,27.157001495361328,2024-06-17T12:05:46.331Z
Line_3_left_hall,e384f534f12c984588d8868e,241,383,0,40.81700134277344,3.1410000324249268,48.0420036315918,-65.56200408935547,-16.069000244140625,-33.28000259399414,-80.44400024414062,-62.36300277709961,24.405000686645508,2024-06-17T12:16:16.280Z
Line_3_left_hall,e384f534f12c984588d8868e,241,463,0,44.871002197265625,8.429000854492188,50.36000061035156,-65.56200408935547,-16.069000244140625,-30.08500099182129,-80.44500732421875,-57.13300323486328,28.802001953125,2024-06-17T12:16:16.280Z
Line_3_left_hall,e384f534f12c984588d8868e,241,518,0,51.746002197265625,10.471000671386719,61.99700164794922,-65.56200408935547,-16.069000244140625,-16.582000732421875,-80.44400024414062,-55.208003997802734,36.3640022277832,2024-06-17T12:16:16.280Z
Line_3_left_hall,e384f534f12c984588d8868e,241,578,0,45.65300369262695,12.398000717163086,45.177001953125,-65.56200408935547,-16.07000160217285,-35.0260009765625,-80.44500732421875,-53.746002197265625,29.5260009765625,2024-06-17T12:16:16.280Z
Line_3_left_hall,e384f534f12c984588d8868e,241,648,0,44.915000915527344,15.349000930786133,56.53300094604492,-65.56200408935547,-16.069000244140625,-21.95800018310547,-80.44400024414062,-49.884002685546875,28.57600212097168,2024-06-17T12:16:16.280Z
Line_3_left_hall,e384f534f12c984588d8868e,216,643,0,41.52400207519531,16.727001190185547,44.772003173828125,-65.56200408935547,-16.07000160217285,-35.67300033569336,-80.44500732421875,-48.83500289916992,25.45400047302246,2024-06-17T12:16:16.280Z
Line_3_left_hall_2_stairs,e384f534f12c984588d8868e,166,648,0,44.17000198364258,23.349000930786133,48.0150032043457,-65.56200408935547,-16.07000160217285,-32.42900085449219,-80.44400024414062,-42.2130012512207,28.100000381469727,2024-06-17T12:19:05.001Z
Line_3_left_hall_2_stairs,e384f534f12c984588d8868e,111,648,0,46.35100173950195,18.94500160217285,59.89200210571289,-65.56200408935547,-16.069000244140625,-19.69300079345703,-80.44400024414062,-46.191001892089844,30.67500114440918,2024-06-17T12:19:05.001Z
Line_3_left_hall_2_stairs,e384f534f12c984588d8868e,111,613,0,41.37800216674805,11.445000648498535,56.566001892089844,-65.56200408935547,-16.07000160217285,-22.017000198364258,-80.44400024414062,-54.29500198364258,24.091001510620117,2024-06-17T12:19:05.001Z
Line_3_left_hall_2_stairs,e384f534f12c984588d8868e,161,613,-1,42.77000045776367,8.190000534057617,46.20900344848633,-65.56200408935547,-16.069000244140625,-33.71000289916992,-80.44400024414062,-56.75800323486328,27.779001235961914,2024-06-17T12:19:05.001Z
Line_3_left_hall_2_stairs,e384f534f12c984588d8868e,216,608,-1,36.288002014160156,2.307000160217285,42.59400177001953,-65.56200408935547,-16.069000244140625,-37.022003173828125,-80.44400024414062,-62.05400466918945,20.69300079345703,2024-06-17T12:19:05.001Z
Line_3_left_area,e384f534f12c984588d8868e,316,603,0,45.67100143432617,12.830000877380371,50.5150032043457,-65.56200408935547,-16.069000244140625,-29.929000854492188,-80.44400024414062,-52.73200225830078,29.602001190185547,2024-06-17T12:23:16.552Z
Line_3_left_area,e384f534f12c984588d8868e,371,603,0,38.49100112915039,-2.9870002269744873,68.82400512695312,-65.56300354003906,-16.069000244140625,-11.383000373840332,-80.44400024414062,-68.94600677490234,23.054000854492188,2024-06-17T12:23:16.552Z
Line_3_left_area,e384f534f12c984588d8868e,361,603,0,51.59300231933594,3.9060001373291016,67.72200012207031,-65.56200408935547,-16.07000160217285,-13.589000701904297,-80.44400024414062,-61.84400177001953,35.4900016784668,2024-06-17T12:23:16.552Z
Line_3_left_area,e384f534f12c984588d8868e,241,713,0,47.59700393676758,4.28000020980835,52.61100387573242,-65.56200408935547,-16.07000160217285,-27.613000869750977,-80.44500732421875,-61.448001861572266,30.285001754760742,2024-06-17T12:23:16.552Z
Line_3_left_area,e384f534f12c984588d8868e,216,713,0,38.0260009765625,3.5950002670288086,52.1670036315918,-65.56200408935547,-16.07000160217285,-30.929000854492188,-80.44400024414062,-61.211002349853516,22.441001892089844,2024-06-17T12:23:16.552Z
Line_3_left_area,e384f534f12c984588d8868e,371,713,0,50.86300277709961,0.6580000519752502,57.24800109863281,-65.56200408935547,-16.069000244140625,-22.902000427246094,-80.44500732421875,-64.13899993896484,34.09700012207031,2024-06-17T12:23:16.552Z
Line_3_left_area_extra,e384f534f12c984588d8868e,316,713,0,47.26100158691406,-3.4180002212524414,54.33700180053711,-65.56300354003906,-16.069000244140625,-25.339000701904297,-80.44400024414062,-69.22500610351562,29.39200210571289,2024-06-17T12:25:04.877Z
Line_3_left_area_extra,e384f534f12c984588d8868e,316,648,0,46.22700119018555,11.45300006866455,52.43000411987305,-65.56200408935547,-16.07000160217285,-26.35700035095215,-80.44400024414062,-54.65700149536133,29.009000778198242,2024-06-17T12:25:04.877Z
Line_3_left_area_extra,e384f534f12c984588d8868e,316,683,0,46.69700241088867,4.056000232696533,53.71000289916992,-65.56200408935547,-16.069000244140625,-28.281002044677734,-80.44400024414062,-61.0780029296875,30.87200164794922,2024-06-17T12:25:04.877Z
Line_4_left_hall_extra,e384f534f12c984588d8868e,311,605,0,-2.945000171661377,22.687000274658203,-33.17500305175781,52.12000274658203,80.0560073852539,-39.87600326538086,-8.322999954223633,75.19000244140625,76.50700378417969,2024-06-17T13:37:08.414Z
Line_4_left_hall_extra,e384f534f12c984588d8868e,311,650,0,0.9440000653266907,24.022001266479492,-29.06100082397461,52.12000274658203,80.0580062866211,-37.893001556396484,-8.322999954223633,75.22200012207031,81.23200225830078,2024-06-17T13:37:08.414Z
Line_4_left_hall_extra,e384f534f12c984588d8868e,311,685,0,-2.1710000038146973,18.4320011138916,-26.554000854492188,52.12000274658203,80.0560073852539,-34.87800216674805,-8.324000358581543,70.552001953125,77.88500213623047,2024-06-17T13:37:08.414Z
Line_4_left_hall_extra,e384f534f12c984588d8868e,311,715,0,-1.540000081062317,17.630001068115234,-23.679000854492188,52.12000274658203,80.0560073852539,-32.17399978637695,-8.324000358581543,68.67100524902344,79.74000549316406,2024-06-17T13:37:08.414Z
Line_5_stairs_down,e384f534f12c984588d8868e,451,335,0,-2.876000165939331,21.70600128173828,-29.310001373291016,52.12000274658203,80.0570068359375,-37.634002685546875,-8.324000358581543,73.82600402832031,77.1810073852539,2024-06-17T13:42:31.866Z
Line_5_stairs_down,e384f534f12c984588d8868e,506,335,-1,0.3400000035762787,44.14400100708008,-24.50800132751465,52.11900329589844,80.0580062866211,-32.83100128173828,-8.322999954223633,96.26300811767578,80.39800262451172,2024-06-17T13:42:31.866Z
Line_5_stairs_down,e384f534f12c984588d8868e,556,335,-1,-0.8170000314712524,19.86600112915039,-28.137001037597656,52.12000274658203,80.0560073852539,-36.46000289916992,-8.322999954223633,71.98600006103516,79.23900604248047,2024-06-17T13:42:31.866Z
Line_5_stairs_down,e384f534f12c984588d8868e,566,305,-1,-2.1590001583099365,18.731000900268555,-27.768001556396484,52.12000274658203,80.0570068359375,-36.092002868652344,-8.324000358581543,70.85100555419922,77.89800262451172,2024-06-17T13:42:31.866Z
Line_5_stairs_down,e384f534f12c984588d8868e,506,305,-1,-1.315000057220459,24.398000717163086,-19.13800048828125,52.11900329589844,80.0570068359375,-27.46200180053711,-8.324000358581543,76.51700592041016,78.74200439453125,2024-06-17T13:42:31.866Z
Line_5_stairs_down,e384f534f12c984588d8868e,446,305,-1,3.19100022315979,16.845001220703125,-15.761000633239746,52.11900329589844,80.0580062866211,-24.9320011138916,-8.322999954223633,68.23300170898438,82.71200561523438,2024-06-17T13:42:31.866Z
Line_5_stairs_down,e384f534f12c984588d8868e,396,315,-1,-4.264000415802002,18.426000595092773,-24.70400047302246,52.11900329589844,80.0560073852539,-33.027000427246094,-8.322999954223633,70.54500579833984,75.79199981689453,2024-06-17T13:42:31.866Z
Line_5_stairs_down_2,e384f534f12c984588d8868e,476,370,-1,-6.4110002517700195,18.038000106811523,-23.71200180053711,52.12000274658203,80.0570068359375,-32.03600311279297,-8.324000358581543,70.15800476074219,73.64600372314453,2024-06-17T13:45:55.045Z
Line_5_stairs_down_2,e384f534f12c984588d8868e,506,370,-1,5.534000396728516,19.647001266479492,-27.450000762939453,52.12000274658203,80.0580062866211,-35.77300262451172,-8.322999954223633,71.76700592041016,85.59200286865234,2024-06-17T13:45:55.045Z
Line_5_stairs_down_2,e384f534f12c984588d8868e,546,370,-1,-1.659000039100647,19.378000259399414,-28.667001724243164,52.12000274658203,80.0570068359375,-36.9900016784668,-8.322999954223633,71.49800109863281,78.39800262451172,2024-06-17T13:45:55.045Z
Line_5_stairs_down_2,e384f534f12c984588d8868e,596,370,-1,-2.0370001792907715,20.63800048828125,-25.658000946044922,52.12000274658203,80.0570068359375,-33.98200225830078,-8.324000358581543,72.75800323486328,78.02000427246094,2024-06-17T13:45:55.045Z
Line_5_stairs_down_2,e384f534f12c984588d8868e,626,370,-1,-5.038000106811523,18.380001068115234,-30.934001922607422,52.12000274658203,80.0570068359375,-39.25800323486328,-8.324000358581543,70.5,75.01900482177734,2024-06-17T13:45:55.045Z
Line_5_stairs_down_2,e384f534f12c984588d8868e,701,370,-1,1.0870000123977661,15.085000991821289,-31.21900177001953,52.12000274658203,80.0580062866211,-39.5420036315918,-8.322999954223633,67.20500183105469,81.14500427246094,2024-06-17T13:45:55.045Z
Line_5_stairs_down_3,e384f534f12c984588d8868e,706,310,-1,-13.373001098632812,17.45800018310547,-29.397001266479492,52.12000274658203,80.0560073852539,-37.72100067138672,-8.324000358581543,69.5780029296875,66.6830062866211,2024-06-17T13:49:00.627Z
Line_5_stairs_down_3,e384f534f12c984588d8868e,626,290,-1,-4.48900032043457,15.213000297546387,-31.681001663208008,52.12000274658203,80.0570068359375,-44.198001861572266,-8.324000358581543,68.60700225830078,78.427001953125,2024-06-17T13:49:00.627Z
Line_5_stairs_down_3,e384f534f12c984588d8868e,566,290,-1,2.689000129699707,17.62200164794922,-24.428001403808594,52.11900329589844,80.0580062866211,-32.75200271606445,-8.324000358581543,69.74100494384766,82.74700164794922,2024-06-17T13:49:00.627Z
Line_5_stairs_down_3,e384f534f12c984588d8868e,566,340,-1,-4.209000110626221,17.825000762939453,-31.34600067138672,52.12000274658203,80.0560073852539,-39.67000198364258,-8.324000358581543,69.94499969482422,75.84700012207031,2024-06-17T13:49:00.627Z
Line_5_stairs_down_3,e384f534f12c984588d8868e,626,340,-1,-5.330000400543213,11.034000396728516,-35.888999938964844,52.12000274658203,80.0570068359375,-43.52300262451172,-8.324000358581543,62.09100341796875,72.5040054321289,2024-06-17T13:49:00.627Z
Line_5_stairs_down_4,e384f534f12c984588d8868e,626,365,-1,-8.645000457763672,15.152000427246094,-32.78600311279297,52.12000274658203,80.0570068359375,-41.11000061035156,-8.324000358581543,67.27200317382812,71.41200256347656,2024-06-17T13:51:31.329Z
Line_5_stairs_down_4,e384f534f12c984588d8868e,681,420,-1,-2.443000078201294,21.23400115966797,-34.099002838134766,52.12000274658203,80.0570068359375,-42.422000885009766,-8.322999954223633,73.35400390625,77.61400604248047,2024-06-17T13:51:31.329Z
Line_5_stairs_down_4,e384f534f12c984588d8868e,681,470,-1,0.43700000643730164,15.083001136779785,-29.90900230407715,52.12000274658203,80.0570068359375,-36.56300354003906,-8.322999954223633,69.19400024414062,80.50700378417969,2024-06-17T13:51:31.329Z
Line_5_stairs_down_4,e384f534f12c984588d8868e,576,470,-1,-3.496000051498413,14.681000709533691,-21.82000160217285,52.12000274658203,80.0570068359375,-30.143001556396484,-8.322999954223633,66.8010025024414,76.56100463867188,2024-06-17T13:51:31.329Z
Line_5_stairs_down_4,e384f534f12c984588d8868e,576,420,-1,2.448000192642212,19.088001251220703,-21.209001541137695,52.12000274658203,80.0570068359375,-29.532001495361328,-8.322999954223633,71.20800018310547,82.5050048828125,2024-06-17T13:51:31.329Z
Line_5_stairs_down_5,e384f534f12c984588d8868e,627,424,-1,1.8630000352859497,11.642000198364258,-29.87700080871582,52.12000274658203,80.0570068359375,-38.20000076293945,-8.322999954223633,63.76200485229492,81.92000579833984,2024-06-17T13:57:42.494Z
Line_5_stairs_down_5,e384f534f12c984588d8868e,627,479,-1,3.2890002727508545,12.29800033569336,-28.805002212524414,52.12000274658203,80.0580062866211,-39.19700241088867,-8.324000358581543,64.16400146484375,82.72900390625,2024-06-17T13:57:42.494Z
Line_5_stairs_down_5,e384f534f12c984588d8868e,627,514,-1,2.007000207901001,15.231000900268555,-23.461000442504883,52.12000274658203,80.0570068359375,-31.785001754760742,-8.324000358581543,67.35100555419922,82.06400299072266,2024-06-17T13:57:42.494Z
Line_5_stairs_down_6,e384f534f12c984588d8868e,243,555,-1,-3.007000207901001,14.35300064086914,-31.095001220703125,52.12000274658203,80.0570068359375,-39.41800308227539,-8.322999954223633,66.4729995727539,77.05000305175781,2024-06-17T14:04:42.896Z
Line_5_stairs_down_6,e384f534f12c984588d8868e,243,555,-1,-7.431000232696533,16.178001403808594,-33.47800064086914,52.12000274658203,80.0570068359375,-41.802001953125,-8.324000358581543,68.29800415039062,72.62600708007812,2024-06-17T14:04:42.896Z
Line_5_stairs_down_6,e384f534f12c984588d8868e,243,555,-1,-7.363000392913818,14.758000373840332,-33.85900115966797,52.12000274658203,80.0560073852539,-43.25600051879883,-8.324000358581543,66.54400634765625,74.4280014038086,2024-06-17T14:04:42.896Z
Line_5_stairs_down_6,e384f534f12c984588d8868e,243,590,-1,-4.639000415802002,17.213001251220703,-33.29100036621094,52.12000274658203,80.0560073852539,-41.6150016784668,-8.324000358581543,69.33300018310547,75.41699981689453,2024-06-17T14:04:42.896Z
Line_5_stairs_down_6,e384f534f12c984588d8868e,243,605,-1,-5.091000080108643,11.668000221252441,-39.08300018310547,52.12000274658203,80.0570068359375,-47.40700149536133,-8.324000358581543,63.788002014160156,74.96600341796875,2024-06-17T14:04:42.896Z
Line_5_stairs_down_6,e384f534f12c984588d8868e,293,605,-1,0.609000027179718,6.437000274658203,-32.1879997253418,52.12000274658203,80.0570068359375,-40.512001037597656,-8.324000358581543,58.557003021240234,80.66600036621094,2024-06-17T14:04:42.896Z
Line_5_stairs_down_7,e384f534f12c984588d8868e,243,645,-1,-8.343000411987305,11.220000267028809,-37,52.12000274658203,80.0560073852539,-44.380001068115234,-8.322999954223633,64.46600341796875,73.07500457763672,2024-06-17T14:06:58.637Z
Line_5_stairs_down_7,e384f534f12c984588d8868e,293,670,-1,4.011000156402588,15.75200080871582,-20.196001052856445,52.12000274658203,80.0580062866211,-28.520000457763672,-8.324000358581543,67.87200164794922,84.06900024414062,2024-06-17T14:06:58.637Z
Line_5_stairs_down_7,e384f534f12c984588d8868e,328,675,-1,10.366000175476074,14.383000373840332,-40.01000213623047,52.12000274658203,80.0570068359375,-48.33400344848633,-8.324000358581543,66.50300598144531,90.42300415039062,2024-06-17T14:06:58.637Z
Line_5_stairs_down_7,e384f534f12c984588d8868e,358,675,-1,6.750000476837158,26.090002059936523,-35.78900146484375,52.11900329589844,80.0570068359375,-44.96600341796875,-8.324000358581543,77.73900604248047,87.5260009765625,2024-06-17T14:06:58.637Z
Line_5_stairs_down_7,e384f534f12c984588d8868e,358,675,-1,9.835000038146973,19.303001403808594,-42.72200012207031,52.12000274658203,80.0580062866211,-51.04500198364258,-8.322999954223633,71.42300415039062,89.89300537109375,2024-06-17T14:06:58.637Z
Line_5_stairs_down_8,e384f534f12c984588d8868e,373,675,-1,13.119000434875488,17.637001037597656,-42.862003326416016,52.12000274658203,80.0580062866211,-51.18600082397461,-8.324000358581543,69.75700378417969,93.177001953125,2024-06-17T14:09:24.702Z
Line_5_stairs_down_8,e384f534f12c984588d8868e,358,605,-1,8.76400089263916,5.61400032043457,-12.344000816345215,52.12000274658203,80.0580062866211,-20.847000122070312,-8.324000358581543,56.8640022277832,90.17900085449219,2024-06-17T14:09:24.702Z
Line_5_stairs_down_8,e384f534f12c984588d8868e,328,605,-1,1.7020000219345093,13.851000785827637,-33.57200241088867,52.11900329589844,80.0570068359375,-41.89500045776367,-8.322999954223633,65.97000122070312,81.75900268554688,2024-06-17T14:09:24.702Z
Line_5_stairs_down_8,e384f534f12c984588d8868e,293,640,-1,7.63200044631958,11.222000122070312,-36.50600051879883,52.12000274658203,80.0580062866211,-44.83000183105469,-8.324000358581543,63.342002868652344,87.69000244140625,2024-06-17T14:09:24.702Z
Line_5_stairs_down_8,e384f534f12c984588d8868e,328,645,-1,6.76800012588501,14.671000480651855,-29.32400131225586,52.12000274658203,80.0580062866211,-39.095001220703125,-8.324000358581543,67.44900512695312,86.64900207519531,2024-06-17T14:09:24.702Z
Line_5_stairs_down_9,e384f534f12c984588d8868e,468,670,-1,-0.7690000534057617,10.128000259399414,-38.02300262451172,52.11900329589844,80.0560073852539,-46.34600067138672,-8.322999954223633,62.24700164794922,79.28700256347656,2024-06-17T14:12:04.257Z
Line_5_stairs_down_9,e384f534f12c984588d8868e,628,670,-1,2.1600000858306885,11.097000122070312,-28.652000427246094,52.12000274658203,80.0570068359375,-36.97500228881836,-8.322999954223633,63.217002868652344,82.21700286865234,2024-06-17T14:12:04.257Z
Line_5_stairs_down_9,e384f534f12c984588d8868e,748,670,-1,-2.8610000610351562,9.308000564575195,-30.67500114440918,52.11900329589844,80.0570068359375,-38.999000549316406,-8.324000358581543,61.427001953125,77.19600677490234,2024-06-17T14:12:04.257Z
Line_5_stairs_down_10,e384f534f12c984588d8868e,627,761,-1,6.933000564575195,22.44900131225586,-21.21700096130371,52.12000274658203,80.0570068359375,-29.54100227355957,-8.324000358581543,74.56900024414062,86.99000549316406,2024-06-17T14:19:43.761Z
Line_5_stairs_down_10,e384f534f12c984588d8868e,737,761,-1,9.722000122070312,13.02400016784668,-36.35200119018555,52.11900329589844,80.0580062866211,-45.09700393676758,-8.324000358581543,64.71400451660156,89.39300537109375,2024-06-17T14:19:43.761Z
Line_5_stairs_down_10,e384f534f12c984588d8868e,877,761,-1,-1.842000126838684,16.621000289916992,-43.09400177001953,52.12000274658203,80.0570068359375,-49.91800308227539,-8.324000358581543,69.54900360107422,78.65900421142578,2024-06-17T14:19:43.761Z
Line_5_stairs_down_11,e384f534f12c984588d8868e,467,761,-1,-6.834000110626221,13.564001083374023,-41.897003173828125,52.12000274658203,80.0570068359375,-50.22100067138672,-8.324000358581543,65.68400573730469,73.22300720214844,2024-06-17T14:21:07.484Z
Line_5_stairs_down_11,e384f534f12c984588d8868e,467,676,-1,5.865000247955322,11.97800064086914,-40.259002685546875,52.12000274658203,80.0570068359375,-46.48400115966797,-8.324000358581543,63.621002197265625,86.79900360107422,2024-06-17T14:21:07.484Z
Line_5_stairs_down_12,e384f534f12c984588d8868e,362,761,-1,7.725000381469727,13.988000869750977,-34.867000579833984,52.12000274658203,80.0580062866211,-43.191001892089844,-8.324000358581543,66.10800170898438,87.78300476074219,2024-06-17T14:24:29.281Z
Line_5_stairs_down_12,e384f534f12c984588d8868e,227,761,-1,3.3420002460479736,0.796000063419342,-33.702003479003906,52.12000274658203,80.0580062866211,-40.27800369262695,-8.324000358581543,52.9630012512207,83.8790054321289,2024-06-17T14:24:29.281Z
Line_5_stairs_down_12,e384f534f12c984588d8868e,227,941,-1,0.5960000157356262,26.72300148010254,-26.656002044677734,52.12000274658203,80.0570068359375,-35.005001068115234,-8.322999954223633,79.66300201416016,82.5260009765625,2024-06-17T14:24:29.281Z
Line_5_stairs_down_12,e384f534f12c984588d8868e,347,941,-1,-5.087000370025635,20.70600128173828,-35.39900207519531,52.12000274658203,80.0560073852539,-43.038002014160156,-8.324000358581543,71.99400329589844,73.7760009765625,2024-06-17T14:24:29.281Z
Line_5_stairs_down_13,e384f534f12c984588d8868e,467,901,-1,-5.6610002517700195,12.543000221252441,-38.573001861572266,52.12000274658203,80.0570068359375,-46.55800247192383,-8.324000358581543,64.38500213623047,74.48400115966797,2024-06-17T14:26:25.723Z
Line_5_stairs_down_13,e384f534f12c984588d8868e,572,901,-1,0.33800002932548523,13.267000198364258,-31.149002075195312,52.12000274658203,80.0570068359375,-38.733001708984375,-8.324000358581543,65.95500183105469,79.68600463867188,2024-06-17T14:26:25.723Z
Line_5_stairs_down_14,e384f534f12c984588d8868e,987,761,-1,-8.785000801086426,24.123001098632812,-44.8380012512207,52.12000274658203,80.0560073852539,-52.25700378417969,-8.322999954223633,75.552001953125,71.88300323486328,2024-06-17T14:29:18.918Z
Line_5_stairs_down_14,e384f534f12c984588d8868e,987,656,-1,1.0530000925064087,17.60700035095215,-36.01900100708008,52.12000274658203,80.0580062866211,-44.93400192260742,-8.324000358581543,70.83300018310547,80.77100372314453,2024-06-17T14:29:18.918Z
Line_5_stairs_down_14,e384f534f12c984588d8868e,1047,656,-1,-3.7300002574920654,18.042001724243164,-37.802001953125,52.12000274658203,80.0570068359375,-48.586002349853516,-8.324000358581543,68.59200286865234,73.66600036621094,2024-06-17T14:29:18.918Z
Line_5_stairs_down_14,e384f534f12c984588d8868e,1047,551,-1,-6.621000289916992,17.832000732421875,-35.61800003051758,52.12000274658203,80.0570068359375,-43.941001892089844,-8.322999954223633,69.9520034790039,73.43600463867188,2024-06-17T14:29:18.918Z
Line_5_stairs_down_15,e384f534f12c984588d8868e,1047,461,-1,-1.4170000553131104,16.760000228881836,-31.29400062561035,52.12000274658203,80.0570068359375,-38.32500076293945,-8.324000358581543,69.34000396728516,78.59700012207031,2024-06-17T14:31:19.802Z
Line_5_stairs_down_15,e384f534f12c984588d8868e,1047,336,-1,5.391000270843506,22.28700065612793,-25.806001663208008,52.12000274658203,80.0570068359375,-34.9890022277832,-8.324000358581543,74.19800567626953,87.42300415039062,2024-06-17T14:31:19.802Z
Line_5_stairs_down_15,e384f534f12c984588d8868e,997,336,-1,6.39900016784668,21.37700080871582,-26.641000747680664,52.12000274658203,80.0580062866211,-34.96500015258789,-8.324000358581543,73.49700164794922,86.45700073242188,2024-06-17T14:31:19.802Z
Line_5_stairs_down_15,e384f534f12c984588d8868e,997,371,-1,-7.607000350952148,12.839000701904297,-15.313000679016113,52.12000274658203,80.0570068359375,-23.636001586914062,-8.322999954223633,64.95899963378906,72.45000457763672,2024-06-17T14:31:19.802Z
Line_5_stairs_down_16,e384f534f12c984588d8868e,997,451,-1,6.770000457763672,16.97300148010254,-30.399002075195312,52.12000274658203,80.0580062866211,-39.96800231933594,-8.324000358581543,67.52300262451172,87.87100219726562,2024-06-17T14:32:47.722Z
Line_5_stairs_down_16,e384f534f12c984588d8868e,967,451,-1,2.3490002155303955,17.881999969482422,-26.516000747680664,52.12000274658203,80.0570068359375,-34.84000015258789,-8.324000358581543,70.00200653076172,82.406005859375,2024-06-17T14:32:47.722Z
Line_5_stairs_down_17,e384f534f12c984588d8868e,967,361,0,-20.1510009765625,10.290000915527344,-21.92300033569336,52.12000274658203,80.0570068359375,-30.24700164794922,-8.324000358581543,62.410003662109375,59.906002044677734,2024-06-17T14:33:50.566Z
Line_5_stairs_down_17,e384f534f12c984588d8868e,967,346,0,-4.0370001792907715,9.855000495910645,-23.92500114440918,52.12000274658203,80.0570068359375,-31.632001876831055,-8.322999954223633,62.871002197265625,74.89600372314453,2024-06-17T14:33:50.566Z
llastboundary,e384f534f12c984588d8868e,35,1181,-1,3.082000255584717,28.378002166748047,-18.082000732421875,39.663002014160156,70.31100463867188,-33.92000198364258,-15.838000297546387,68.04100036621094,73.39300537109375,2024-06-17T17:02:26.517Z
llastboundary,e384f534f12c984588d8868e,35,1111,-1,30.744001388549805,30.65300178527832,-35.12300109863281,39.663002014160156,70.31100463867188,-52.048004150390625,-15.838000297546387,70.22000122070312,101.69800567626953,2024-06-17T17:02:26.517Z
llastboundary,e384f534f12c984588d8868e,35,886,-1,11.291000366210938,20.69300079345703,-41.0260009765625,39.66400146484375,70.31200408935547,-56.6510009765625,-15.838000297546387,60.52700424194336,82.1820068359375,2024-06-17T17:02:26.517Z
llastboundary,e384f534f12c984588d8868e,35,586,-1,13.37600040435791,24.020000457763672,-30.113000869750977,39.663002014160156,70.31200408935547,-44.74400329589844,-15.838000297546387,63.5780029296875,83.69600677490234,2024-06-17T17:02:26.517Z
llastbounda_3ry,e384f534f12c984588d8868e,35,546,-1,6.414000511169434,24.658000946044922,-22.731000900268555,39.663002014160156,70.31100463867188,-38.569000244140625,-15.838000297546387,64.32100677490234,76.72500610351562,2024-06-17T17:04:37.399Z
llastbounda_3ry,e384f534f12c984588d8868e,135,521,-1,3.81000018119812,32.57600021362305,-28.192001342773438,39.663002014160156,70.31200408935547,-44.03000259399414,-15.838000297546387,72.23900604248047,74.12200164794922,2024-06-17T17:04:37.399Z
llastbounda_3ry,e384f534f12c984588d8868e,35,381,-1,4.663000106811523,24.865001678466797,-28.86600112915039,39.663002014160156,70.31100463867188,-45.02900314331055,-15.838000297546387,64.52300262451172,75.63899993896484,2024-06-17T17:04:37.399Z
llastbounda_3ry,e384f534f12c984588d8868e,35,316,-1,-1.1680001020431519,23.31800079345703,-27.295001983642578,39.663002014160156,70.31100463867188,-42.51400375366211,-15.838000297546387,64.0570068359375,70.8280029296875,2024-06-17T17:04:37.399Z
llastbounda_3r55y,e384f534f12c984588d8868e,175,316,-1,-0.34200000762939453,35.323001861572266,-12.468000411987305,39.663002014160156,70.31100463867188,-28.3070011138916,-15.839000701904297,74.98600006103516,69.96900177001953,2024-06-17T17:05:54.981Z
llastbounda_3r55y,e384f534f12c984588d8868e,315,316,-1,13.519001007080078,29.066001892089844,-26.378002166748047,39.663002014160156,70.31100463867188,-42.44600296020508,-15.838000297546387,68.81900024414062,81.6030044555664,2024-06-17T17:05:54.981Z
